,Date,Open,High,Low,Close,AveragePrice,Total Traded Quantity,Turnover,SMA,EMA,DEMA,HT_TRENDLINE,KAMA,MA,MIDPOINT,MIDPRICE,SAR,SAREXT,T3,TEMA,TRIMA,WMA
0,05-Mar-2020,187.55,191.2,186.55,187.6,188.05,20025924,3782197171.45,,,,,,,,,,,,,,
1,06-Mar-2020,184.85,184.85,179.75,181.4,181.75,26764504,4870964712.15,,,,,,,,,187.6,-187.6,,,,
2,09-Mar-2020,179.0,179.0,174.5,176.75,177.2,21795899,3861308623.15,,,,,,,,,187.44,-187.44,,,,
3,11-Mar-2020,174.0,176.75,172.35,176.25,175.65,27957737,4878568815.1,,,,,,,,,186.93,-186.93,,,,
4,12-Mar-2020,169.0,169.15,150.55,155.8,155.8,52040944,8229213336.4,,,,,,,,,186.05,-186.05,,,,
5,13-Mar-2020,150.0,164.0,134.6,163.4,162.25,61592332,9564478910.75,,,,,,,,,183.21,-183.21,,,,
6,16-Mar-2020,158.0,158.1,145.25,147.55,147.25,33255085,5016491056.9,,,,,,,,,178.35,-178.35,,,,
7,17-Mar-2020,148.0,155.8,146.05,149.15,149.15,47658462,7224900485.0,,,,,,,,,173.97,-173.97,,,,
8,18-Mar-2020,152.1,154.65,147.35,151.4,150.7,50248786,7590057352.85,,,,,,,,,170.04,-170.04,,,,
9,19-Mar-2020,150.7,163.55,144.75,160.9,161.85,89753683,13858883275.85,,,,,,,,,166.49,-166.49,,,,
10,20-Mar-2020,165.1,176.5,165.1,176.35,175.5,61997991,10665108502.65,,,,,,,,,134.6,134.6,,,,
11,23-Mar-2020,158.0,162.0,149.2,155.0,154.3,51354135,7980277585.0,,,,,,,,,135.44,135.44,,,,
12,24-Mar-2020,162.95,163.7,147.4,151.0,149.7,52569242,7950911046.1,,,,,,,,,136.25,136.25,,,,
13,25-Mar-2020,151.0,152.0,139.0,147.05,147.35,62506221,9000105590.05,,,,,,,167.32,161.1,137.06,137.06,,,,
14,26-Mar-2020,150.0,159.4,143.25,156.8,156.4,58443502,8816939242.7,,,,,,,164.23,158.0,137.84,137.84,,,,
15,27-Mar-2020,162.0,166.0,155.0,163.25,163.2,32636891,5236588359.75,,,,,,,161.9,155.68,138.61,138.61,,,,
16,30-Mar-2020,156.05,164.9,156.05,160.15,159.2,28120394,4566682077.25,,,,,,,161.7,155.48,139.37,139.37,,,,
17,31-Mar-2020,164.0,173.85,161.55,169.9,171.7,42630922,7141798426.45,,,,,,,161.7,155.48,140.11,140.11,,,,
18,01-Apr-2020,171.7,172.75,164.55,166.65,166.4,18142049,3040521387.35,,,,,,,161.7,155.48,140.83,140.83,,,,
19,03-Apr-2020,167.9,182.75,167.0,177.5,177.9,62868085,11009282014.05,,,,,,,162.28,158.25,141.54,141.54,,,,
20,07-Apr-2020,185.7,185.7,173.65,181.4,181.55,36119016,6481702914.9,,,,,,,164.23,160.2,142.98,142.98,,,,
21,08-Apr-2020,180.85,184.0,176.65,178.6,178.65,37561322,6744718284.15,,,,,,,164.23,160.2,145.28,145.28,,,,
22,09-Apr-2020,184.0,186.25,180.0,184.85,185.25,42643743,7830631145.55,,,,,,,165.95,161.93,147.45,147.45,,,,
23,13-Apr-2020,184.5,186.65,181.05,181.9,181.6,17744825,3254817711.85,,,,,,,165.95,161.93,150.44,150.44,,,,
24,15-Apr-2020,184.05,193.75,182.7,190.25,189.35,49092959,9306140489.75,,,,,,,168.65,164.62,153.2,153.2,182.97,,,
25,16-Apr-2020,189.65,191.2,185.45,187.1,186.35,27082646,5088737088.6,,,,,,,168.65,164.62,156.9,156.9,185.53,,,
26,17-Apr-2020,190.45,191.4,186.95,188.15,188.1,26669272,5037662353.7,,,,,,,168.65,164.62,160.24,160.24,187.45,,,
27,20-Apr-2020,189.95,189.95,179.5,180.9,180.7,35767070,6497897849.0,,,,,,,173.52,166.75,163.24,163.24,187.92,,,
28,21-Apr-2020,178.0,184.3,176.05,179.5,179.6,23334550,4222814177.2,,,,,,,175.2,172.62,165.94,165.94,187.11,,,
29,22-Apr-2020,179.0,183.55,176.0,182.65,182.25,25164099,4553989729.4,170.3,170.3,,,,170.3,175.2,173.15,168.37,168.37,185.99,,166.06,173.83
30,23-Apr-2020,182.95,184.0,179.65,181.2,180.55,32968241,5996601748.6,170.09,171.01,,,182.64,170.09,178.45,175.9,170.56,170.56,184.79,,167.12,174.54
31,24-Apr-2020,181.0,182.8,179.3,179.85,180.05,18050148,3260993060.95,170.04,171.58,,,182.63,170.04,178.45,177.4,172.53,172.53,183.54,,168.37,175.17
32,27-Apr-2020,180.25,182.3,179.3,180.0,179.85,13086773,2366417399.45,170.15,172.12,,,182.61,170.15,183.88,178.62,174.3,174.3,182.4,,169.74,175.81
33,28-Apr-2020,180.0,180.8,178.05,180.6,179.45,17802711,3193970079.0,170.29,172.67,,,182.6,170.29,184.42,181.95,175.89,175.89,181.53,,171.2,176.48
34,29-Apr-2020,180.5,182.9,179.65,182.05,182.15,21461158,3893831952.55,171.17,173.27,,,182.59,171.17,184.42,183.12,177.33,177.33,181.12,,172.72,177.24
35,30-Apr-2020,184.9,184.9,180.45,181.05,182.05,30169126,5514079226.65,171.76,173.78,,,182.56,171.76,184.88,183.12,178.05,178.05,180.93,,174.15,177.88
36,04-May-2020,181.75,181.75,170.65,173.5,174.05,30298058,5296023986.75,172.62,173.76,,,182.31,172.62,181.88,180.45,190.25,-190.25,179.98,,175.48,177.99
37,05-May-2020,175.0,177.45,172.0,174.0,173.9,17709577,3104426107.75,173.45,173.77,,,182.09,173.45,181.88,180.45,189.86,-189.86,178.54,,176.64,178.08
38,06-May-2020,171.4,171.4,160.5,164.95,163.9,65586753,10725120327.55,173.9,173.2,,,181.87,173.9,176.55,174.32,189.47,-189.47,175.96,,177.57,177.53
39,07-May-2020,164.0,165.85,160.5,161.15,161.0,24249898,3945146899.55,173.91,172.43,,,181.78,173.91,174.65,174.32,188.31,-188.31,172.41,,178.26,176.71
40,08-May-2020,163.95,164.15,157.1,158.5,158.25,25307551,4040860526.35,173.32,171.53,,,181.32,173.32,170.58,169.88,187.2,-187.2,168.37,,178.71,175.71
41,11-May-2020,160.0,163.5,158.0,159.25,158.45,18095693,2912847374.2,173.46,170.74,,,181.16,173.46,170.58,169.88,185.4,-185.4,164.67,,178.99,174.81
42,12-May-2020,158.45,165.9,157.5,165.5,165.05,21387983,3450209830.5,173.94,170.4,,,180.87,173.94,170.58,169.88,183.7,-183.7,162.45,,179.07,174.29
43,13-May-2020,173.4,173.6,164.5,165.7,165.4,20018552,3354698652.35,174.56,170.09,,,180.5,174.56,170.28,169.58,182.1,-182.1,161.61,,178.97,173.76
44,14-May-2020,164.5,168.25,161.95,164.25,163.8,14949993,2463446939.65,174.81,169.72,,,180.32,174.81,170.28,169.58,180.6,-180.6,161.53,,178.66,173.1
45,15-May-2020,162.2,165.5,161.15,164.4,164.65,14950688,2439597397.35,174.85,169.37,,,180.24,174.85,170.28,169.58,179.19,-179.19,161.82,,178.16,172.42
46,18-May-2020,166.0,167.3,163.15,164.8,164.75,20802365,3444644630.05,175.0,169.08,,,180.11,175.0,170.28,169.58,177.87,-177.87,162.32,,177.54,171.78
47,19-May-2020,166.5,171.65,165.1,170.75,170.75,20142194,3403852686.15,175.03,169.19,,,180.06,175.03,170.28,169.58,176.62,-176.62,163.56,,176.79,171.5
48,20-May-2020,171.95,177.0,171.0,175.7,175.75,25320952,4437243049.85,175.33,169.61,,,180.0,175.33,169.78,169.08,157.1,157.1,165.82,,175.97,171.55
49,21-May-2020,175.6,190.45,172.65,188.2,188.95,58382988,10761507970.95,175.69,170.81,,,180.13,175.69,173.35,172.65,157.47,157.47,169.97,,175.13,172.38
50,22-May-2020,188.0,191.9,184.6,186.7,186.35,39013806,7305887869.25,175.87,171.83,,,180.2,175.87,173.35,172.65,158.7,158.7,174.81,,174.29,173.09
51,26-May-2020,190.0,194.95,187.8,191.6,191.7,53235758,10184300252.55,176.3,173.11,,,180.42,176.3,175.05,174.35,159.88,159.88,179.9,,173.53,174.1
52,27-May-2020,192.5,193.9,186.9,192.45,192.15,24546312,4678558068.8,176.55,174.36,,,180.57,176.55,175.48,174.77,161.78,161.78,184.61,,172.86,175.14
53,28-May-2020,192.3,192.9,189.0,191.0,190.65,24579385,4672098928.35,176.86,175.43,,,180.73,176.86,175.48,174.77,164.24,164.24,188.3,,172.35,176.07
54,29-May-2020,190.45,198.0,189.0,197.1,197.35,35836696,7004204895.7,177.09,176.83,,,180.92,177.09,178.18,177.3,166.49,166.49,191.56,,172.06,177.38
55,01-Jun-2020,201.0,205.25,199.0,200.5,200.55,28509025,5768484154.2,177.53,178.35,,,181.37,177.53,182.38,179.0,169.56,169.56,194.69,,172.06,178.89
56,02-Jun-2020,201.9,201.9,196.7,198.0,197.25,22631743,4508515697.15,177.86,179.62,,,181.64,177.86,182.38,180.82,173.27,173.27,197.15,,172.35,180.21
57,03-Jun-2020,200.0,200.9,195.6,197.45,196.7,18979339,3768208344.15,178.41,180.77,,,182.14,178.41,182.38,180.82,176.54,176.54,198.75,,172.89,181.48
58,04-Jun-2020,197.75,202.5,195.0,200.0,200.15,21999875,4366301845.75,179.1,182.01,191.0,,182.87,179.1,182.45,180.82,179.41,179.41,199.9,,173.63,182.87
59,05-Jun-2020,201.8,202.0,198.65,200.25,200.0,14632889,2931388491.5,179.68,183.19,192.7,,183.49,179.68,182.65,181.82,181.94,181.94,200.72,,174.59,184.23
60,08-Jun-2020,202.9,203.65,197.0,197.4,197.65,19555380,3910759849.85,180.22,184.11,193.86,,183.92,180.22,185.62,182.8,184.17,184.17,200.93,,175.76,185.38
61,09-Jun-2020,198.25,206.2,197.65,198.3,198.5,39914936,8068441918.5,180.84,185.02,195.0,,184.45,180.84,188.1,185.75,186.13,186.13,200.76,,177.13,186.54
62,10-Jun-2020,199.45,203.15,198.3,199.5,199.05,27204677,5456896008.85,181.49,185.96,196.17,,185.03,181.49,193.6,186.58,187.85,187.85,200.55,,178.69,187.75
63,11-Jun-2020,200.0,201.25,193.6,194.65,194.25,19847762,3922656137.85,181.96,186.52,196.59,182.22,185.27,181.96,193.6,192.55,189.37,189.37,199.82,,180.37,188.6
64,12-Jun-2020,188.95,195.2,187.85,193.95,193.9,22562987,4335235500.4,182.35,187.0,196.87,182.29,185.44,182.35,195.75,193.7,200.5,-200.5,198.65,,182.09,189.37
65,15-Jun-2020,193.9,193.95,186.3,187.5,187.2,24463651,4621991313.25,182.57,187.03,196.3,182.4,185.47,182.57,194.0,193.4,200.25,-200.25,196.6,,183.79,189.7
66,16-Jun-2020,190.8,190.95,181.9,184.6,185.0,27637395,5138168584.55,182.94,186.87,195.4,182.5,185.45,182.94,192.55,191.2,199.69,-199.69,193.81,,185.44,189.83
67,17-Jun-2020,184.0,185.0,180.7,180.95,181.2,24028372,4395858443.7,183.17,186.49,194.11,182.53,185.4,183.17,190.72,190.6,198.62,-198.62,190.46,,186.96,189.71
68,18-Jun-2020,181.2,187.5,180.7,187.0,186.6,28887658,5350992635.8,183.9,186.52,193.68,182.58,185.47,183.9,190.72,190.6,197.19,-197.19,187.87,,188.39,189.95
69,19-Jun-2020,187.1,187.95,183.6,184.5,184.05,30531484,5638956798.15,184.68,186.39,192.96,182.61,185.42,184.68,190.6,190.48,195.87,-195.87,185.97,,189.66,189.99
70,22-Jun-2020,186.5,187.5,183.15,184.95,185.0,31396392,5807042271.65,185.56,186.3,192.36,182.63,185.39,185.56,190.6,190.48,194.66,-194.66,184.73,,190.72,190.01
71,23-Jun-2020,185.4,187.5,184.75,186.0,185.85,26547403,4939039080.0,186.46,186.28,191.93,182.67,185.43,186.46,190.6,190.48,193.54,-193.54,184.15,,191.55,190.04
72,24-Jun-2020,187.4,194.7,186.15,192.1,191.85,54653037,10513509538.4,187.34,186.66,192.29,182.76,185.83,187.34,190.6,190.48,192.51,-192.51,184.76,,192.19,190.4
73,25-Jun-2020,192.25,203.5,191.65,202.5,202.1,75575878,14991285884.35,188.57,187.68,193.91,183.03,187.2,188.57,191.72,191.6,180.7,180.7,187.35,,192.72,191.38
74,26-Jun-2020,206.0,209.4,193.3,195.9,195.2,71957460,14387301617.55,189.62,188.21,194.53,183.42,187.73,189.62,191.72,191.6,181.14,181.14,190.23,,193.08,191.85
75,29-Jun-2020,202.5,203.0,196.2,197.6,197.25,91504651,18171721612.75,190.73,188.81,195.3,183.86,188.36,190.73,191.72,191.6,181.56,181.56,192.89,,193.29,192.37
76,30-Jun-2020,199.4,199.4,194.0,195.25,194.65,41216021,8086601929.9,191.75,189.23,195.68,184.69,188.74,191.75,191.72,191.6,181.98,181.98,194.76,,193.35,192.66
77,01-Jul-2020,194.65,203.85,194.65,203.7,202.9,44298379,8845394570.15,192.84,190.16,197.07,186.3,189.63,192.84,192.32,192.2,182.39,182.39,196.84,,193.3,193.43
78,02-Jul-2020,204.45,206.75,202.55,206.6,205.85,39321517,8048725871.55,193.87,191.22,198.68,188.45,190.57,193.87,193.77,193.65,183.24,183.24,199.36,,193.17,194.32
79,03-Jul-2020,208.0,208.5,206.0,206.85,207.55,37896333,7860890243.55,194.5,192.23,200.15,191.0,191.11,194.5,193.9,193.77,184.65,184.65,201.92,,193.01,195.15
80,06-Jul-2020,200.35,201.95,198.95,200.45,199.8,34710608,6950348407.05,194.95,192.76,200.67,193.01,191.31,194.95,193.9,193.77,186.42,186.42,203.41,,192.89,195.54
81,07-Jul-2020,200.0,200.5,194.0,194.5,194.25,31282844,6116701205.1,195.05,192.87,200.37,194.3,191.33,195.05,195.68,193.77,188.06,188.06,203.18,,192.8,195.51
82,08-Jul-2020,194.25,197.95,194.25,196.4,196.3,21276389,4184987357.55,195.18,193.1,200.33,194.88,191.37,195.18,195.68,195.0,189.56,189.56,202.03,,192.81,195.6
83,09-Jul-2020,196.9,197.0,194.15,196.0,195.45,18769881,3661866245.75,195.35,193.29,200.23,194.98,191.41,195.35,195.9,195.0,190.94,190.94,200.53,,192.9,195.65
84,10-Jul-2020,195.15,196.5,194.0,194.35,194.35,16192017,3155770984.8,195.26,193.36,199.91,194.78,191.43,195.26,196.42,195.8,192.22,192.22,198.88,,193.05,195.58
85,13-Jul-2020,195.9,198.75,195.1,197.75,197.55,20298006,4001811111.15,195.17,193.64,200.04,194.55,191.47,195.17,199.48,196.5,193.39,193.39,197.75,,193.31,195.75
86,14-Jul-2020,197.4,199.5,192.75,196.25,195.9,18476313,3631936207.45,195.11,193.81,199.95,194.34,191.5,195.11,200.6,199.25,206.85,-206.85,196.97,,193.67,195.82
87,15-Jul-2020,196.35,200.0,194.5,198.85,198.7,23777901,4699300380.25,195.15,194.13,200.18,194.31,191.53,195.15,200.6,199.8,206.57,-206.57,196.78,199.26,194.11,196.06
88,16-Jul-2020,198.7,198.85,192.0,193.85,193.85,22144753,4285660630.3,194.95,194.12,199.76,194.62,191.56,194.95,200.35,199.42,206.29,-206.29,196.41,198.51,194.54,195.97
89,17-Jul-2020,193.3,195.4,193.0,194.35,194.05,14882855,2890497493.55,194.75,194.13,199.42,195.11,191.59,194.75,200.35,199.42,205.72,-205.72,195.88,197.93,194.95,195.93
90,20-Jul-2020,195.0,195.35,192.35,192.6,192.7,18918931,3651197208.85,194.59,194.03,198.89,195.56,191.6,194.59,199.72,199.42,205.17,-205.17,195.13,197.09,195.36,195.8
91,21-Jul-2020,192.1,194.2,191.5,192.3,192.25,28010738,5396441590.05,194.39,193.92,198.36,196.19,191.6,194.39,199.58,199.18,204.64,-204.64,194.28,196.29,195.75,195.65
92,22-Jul-2020,193.0,197.9,192.5,196.95,196.55,32572721,6389059323.95,194.31,194.12,198.45,196.78,191.64,194.31,199.58,199.18,203.86,-203.86,194.02,196.41,196.13,195.81
93,23-Jul-2020,197.65,201.5,196.8,201.2,200.7,31488140,6304293484.2,194.53,194.57,199.06,197.31,191.74,194.53,196.75,196.35,203.11,-203.11,194.79,197.29,196.47,196.26
94,24-Jul-2020,201.0,201.7,197.3,199.85,199.6,60185503,12014297473.75,194.72,194.91,199.43,197.62,191.82,194.72,196.75,196.35,202.42,-202.42,196.01,197.8,196.73,196.6
95,27-Jul-2020,200.5,200.5,195.15,195.8,196.4,22645709,4467045972.25,195.0,194.97,199.25,197.71,191.87,195.0,196.75,196.35,201.76,-201.76,196.79,197.5,196.92,196.67
96,28-Jul-2020,197.0,198.65,195.05,195.7,195.4,19287262,3791018159.25,195.37,195.02,199.06,197.73,191.94,195.37,196.75,196.35,201.15,-201.15,197.07,197.21,197.06,196.72
97,29-Jul-2020,193.45,198.2,193.4,196.8,196.7,14831635,2915526687.1,195.9,195.13,199.02,197.58,192.07,195.9,196.75,196.35,200.57,-200.57,197.12,197.15,197.16,196.81
98,30-Jul-2020,198.4,198.4,192.5,193.5,193.35,16315232,3186617962.3,196.11,195.03,198.57,197.21,192.08,196.11,196.75,196.35,200.02,-200.02,196.69,196.49,197.18,196.65
99,31-Jul-2020,193.5,196.95,193.5,194.1,194.15,16653836,3253984491.95,196.43,194.97,198.22,196.69,192.12,196.43,196.75,196.35,199.51,-199.51,196.06,196.01,197.17,196.52
100,03-Aug-2020,194.0,194.0,191.9,192.95,192.6,13265435,2556342053.7,196.7,194.84,197.76,196.18,192.13,196.7,196.75,196.35,199.03,-199.03,195.27,195.38,197.09,196.3
101,04-Aug-2020,192.6,195.8,192.6,193.8,193.65,17189317,3343471941.95,196.96,194.77,197.44,195.86,192.15,196.96,196.75,196.35,198.58,-198.58,194.58,194.98,196.95,196.11
102,05-Aug-2020,194.5,194.6,191.7,192.8,192.8,48768468,9403161195.05,196.98,194.64,197.03,195.64,192.15,196.98,196.75,196.35,198.15,-198.15,193.96,194.45,196.75,195.84
103,06-Aug-2020,194.2,195.6,193.1,195.2,195.35,17886231,3487124510.35,196.74,194.68,196.94,195.53,192.2,196.74,196.75,196.35,197.76,-197.76,193.73,194.42,196.52,195.73
104,07-Aug-2020,195.5,197.0,194.15,196.0,196.05,20913956,4097567227.6,196.74,194.76,196.96,195.46,192.21,196.74,196.75,196.35,197.38,-197.38,193.9,194.54,196.33,195.68
105,10-Aug-2020,196.4,199.65,196.4,199.45,198.85,16474715,3270481955.35,196.81,195.07,197.4,195.49,192.26,196.81,197.0,196.45,191.5,191.5,194.7,195.27,196.18,195.86
106,11-Aug-2020,200.0,207.7,200.0,203.4,203.05,55143098,11295475191.0,197.08,195.6,198.29,195.67,192.45,197.08,198.1,197.55,191.66,191.66,196.32,196.63,196.09,196.28
107,12-Aug-2020,202.5,204.9,200.4,204.3,204.2,21287300,4313268889.1,197.1,196.17,199.21,196.03,192.5,197.1,198.55,198.0,192.13,192.13,198.38,197.98,196.05,196.75
108,13-Aug-2020,203.5,204.2,197.1,201.3,201.45,22698994,4578464744.8,196.92,196.5,199.65,196.59,192.61,196.92,198.55,198.0,192.86,192.86,200.08,198.61,196.04,197.02
109,14-Aug-2020,201.6,203.35,195.5,196.55,196.4,28752399,5737507766.65,196.58,196.5,199.45,196.95,192.7,196.58,198.55,198.0,193.55,193.55,200.68,198.29,196.03,196.99
110,17-Aug-2020,198.05,199.5,196.85,198.65,198.75,11741074,2329154244.6,196.52,196.64,199.53,197.02,192.74,196.52,198.55,198.0,194.19,194.19,200.64,198.39,196.07,197.13
111,18-Aug-2020,199.9,199.9,197.25,198.8,198.55,12488479,2477157241.65,196.66,196.78,199.61,197.07,192.81,196.66,198.55,198.0,194.8,194.8,200.34,198.49,196.14,197.27
112,19-Aug-2020,198.6,201.7,198.1,198.6,198.45,15474846,3090948729.05,196.73,196.9,199.66,197.13,192.85,196.73,198.55,198.0,195.37,195.37,199.94,198.54,196.21,197.4
113,20-Aug-2020,197.0,197.2,194.55,196.0,195.8,16910657,3313706063.3,196.73,196.84,199.37,197.27,192.86,196.73,198.55,198.0,204.3,-204.3,199.25,198.11,196.29,197.35
114,21-Aug-2020,198.0,199.2,196.3,197.2,196.8,17234086,3405908230.15,196.83,196.86,199.25,197.47,192.9,196.83,198.55,198.0,204.1,-204.1,198.55,197.94,196.4,197.38
115,24-Aug-2020,197.25,199.0,196.35,197.5,196.7,14737758,2908311784.75,196.82,196.9,199.18,197.71,192.92,196.82,198.55,198.0,203.91,-203.91,198.01,197.84,196.52,197.43
116,25-Aug-2020,197.25,198.3,195.1,195.7,195.4,15199285,2980915921.0,196.8,196.82,198.88,197.91,192.93,196.8,199.75,198.7,203.73,-203.73,197.44,197.42,196.67,197.35
117,26-Aug-2020,196.5,196.55,193.65,195.0,194.95,22631585,4405659707.0,196.67,196.71,198.52,198.09,192.96,196.67,199.65,198.98,203.54,-203.54,196.79,196.93,196.84,197.24
118,27-Aug-2020,198.5,198.9,193.9,194.35,194.25,47213462,9213831285.35,196.69,196.56,198.11,198.16,192.96,196.69,199.32,198.98,203.15,-203.15,196.08,196.38,197.04,197.09
119,28-Aug-2020,194.6,196.3,194.05,195.85,195.55,34645794,6753091918.3,196.74,196.51,197.92,198.18,192.98,196.74,199.32,198.98,202.77,-202.77,195.59,196.17,197.22,197.03
120,31-Aug-2020,199.0,199.0,190.0,190.9,191.1,96998374,18688480760.35,196.68,196.15,197.13,197.96,192.97,196.68,197.6,197.15,202.4,-202.4,194.76,195.09,197.37,196.66
121,01-Sep-2020,191.1,192.35,188.25,191.3,190.2,39779316,7560052404.35,196.65,195.83,196.46,197.46,192.96,196.65,196.1,194.78,201.66,-201.66,193.76,194.22,197.43,196.31
122,02-Sep-2020,191.3,193.0,189.65,192.05,191.35,20585664,3932553157.7,196.49,195.59,195.95,196.77,192.94,196.49,194.85,193.52,200.59,-200.59,192.89,193.6,197.4,196.01
123,03-Sep-2020,191.4,193.25,190.0,191.45,191.6,15692484,3003365326.1,196.16,195.32,195.41,196.05,192.9,196.16,194.85,193.52,199.6,-199.6,192.18,192.95,197.3,195.69
124,04-Sep-2020,190.0,190.0,185.7,187.25,186.7,41389121,7764152125.25,195.74,194.8,194.39,195.36,192.66,195.74,193.02,192.25,198.69,-198.69,191.16,191.64,197.15,195.11
125,07-Sep-2020,187.25,190.5,180.8,190.3,189.1,32663990,6087876417.4,195.56,194.51,193.86,194.85,192.62,195.56,192.92,189.7,197.39,-197.39,190.33,191.05,196.99,194.76
126,08-Sep-2020,189.6,190.55,184.6,188.5,188.15,25591395,4817541879.3,195.32,194.12,193.15,194.44,192.53,195.32,192.38,189.15,195.4,-195.4,189.61,190.22,196.77,194.31
127,09-Sep-2020,185.5,186.25,182.3,184.25,183.8,27830197,5112811204.75,194.9,193.49,191.98,193.88,192.21,194.9,190.88,189.15,193.65,-193.65,188.51,188.74,196.48,193.59
128,10-Sep-2020,184.1,185.7,183.2,185.05,184.9,17785076,3281491700.25,194.62,192.94,191.02,193.47,192.04,194.62,190.88,189.15,192.11,-192.11,187.32,187.61,196.13,192.96
129,11-Sep-2020,184.9,186.5,182.75,184.0,183.95,19256801,3547205372.55,194.28,192.37,190.03,193.04,191.79,194.28,189.92,188.32,190.75,-190.75,186.14,186.45,195.72,192.27
130,14-Sep-2020,185.8,185.85,183.0,183.25,183.35,30993032,5695277201.55,193.96,191.78,189.04,192.69,191.54,193.96,189.55,188.32,189.56,-189.56,185.03,185.32,195.24,191.56
131,15-Sep-2020,184.0,184.2,180.8,181.85,181.8,30772104,5592275810.0,193.56,191.14,187.98,192.32,191.18,193.56,188.85,188.32,188.51,-188.51,183.93,184.1,194.68,190.78
132,16-Sep-2020,181.85,183.5,180.05,180.6,180.65,50645681,9172976026.3,193.15,190.46,186.87,192.25,190.77,193.15,188.22,187.95,187.58,-187.58,182.82,182.83,194.05,189.94
133,17-Sep-2020,180.8,181.5,177.8,178.35,178.6,33936149,6076484474.1,192.59,189.68,185.59,192.21,190.01,192.59,185.2,184.92,186.53,-186.53,181.55,181.35,193.35,188.99
134,18-Sep-2020,179.55,179.85,177.0,179.5,179.1,29783208,5316150215.3,192.04,189.02,184.58,192.04,189.39,192.04,185.2,184.52,185.13,-185.13,180.44,180.29,192.58,188.14
135,21-Sep-2020,180.0,180.6,175.05,175.3,175.75,23892510,4233947396.25,191.24,188.13,183.15,191.81,187.94,191.24,183.68,183.55,183.67,-183.67,179.13,178.63,191.75,187.06
136,22-Sep-2020,175.75,176.75,173.75,174.0,174.2,18532637,3238895808.2,190.26,187.22,181.71,191.41,185.79,190.26,182.72,182.6,181.94,-181.94,177.62,176.98,190.88,185.95
137,23-Sep-2020,174.95,177.55,171.7,173.1,172.5,61785758,10735994901.75,189.22,186.31,180.3,191.0,183.63,189.22,181.7,181.0,180.3,-180.3,176.07,175.41,189.99,184.84
138,24-Sep-2020,171.7,171.75,166.15,167.4,166.55,31486886,5299393510.9,188.09,185.09,178.33,190.54,180.71,188.09,178.85,178.23,178.58,-178.58,174.02,173.05,189.04,183.44
139,25-Sep-2020,168.9,171.2,167.0,171.15,170.75,26627778,4513943184.1,187.24,184.19,177.02,189.99,179.61,187.24,177.95,177.32,176.1,-176.1,172.27,171.71,188.07,182.34
140,28-Sep-2020,171.0,174.8,170.5,173.65,173.3,23194739,4018744553.3,186.41,183.51,176.17,189.4,178.95,186.41,176.23,175.6,174.11,-174.11,171.33,171.03,187.07,181.47
141,29-Sep-2020,174.75,174.75,169.0,169.5,169.4,25617617,4363345268.6,185.43,182.61,174.89,188.52,177.74,185.43,176.23,175.6,173.65,-173.65,170.6,169.74,186.02,180.38
142,30-Sep-2020,170.0,172.1,168.7,171.95,171.7,18482053,3156244560.3,184.54,181.92,174.06,187.28,177.14,184.54,175.7,175.08,173.65,-173.65,170.27,169.1,184.96,179.51
143,01-Oct-2020,174.5,174.6,170.1,170.9,170.85,19758300,3387016368.85,183.71,181.21,173.19,186.12,176.53,183.71,175.32,174.7,172.15,-172.15,170.13,168.41,183.91,178.63
144,05-Oct-2020,171.1,172.8,168.75,169.3,169.25,24301177,4136375179.55,182.78,180.44,172.22,185.05,175.7,182.78,174.62,174.0,171.95,-171.95,169.92,167.56,182.84,177.7
145,06-Oct-2020,169.5,171.6,168.1,170.2,169.9,21886300,3714042578.7,181.87,179.78,171.47,183.94,175.1,181.87,174.0,173.38,170.9,-170.9,169.75,167.03,181.77,176.89
146,07-Oct-2020,170.0,170.9,169.0,169.55,169.5,16286695,2765408695.3,180.99,179.12,170.73,182.95,174.51,180.99,173.45,172.82,170.2,-170.2,169.59,166.5,180.71,176.09
147,08-Oct-2020,170.1,170.4,166.9,167.1,167.15,25503975,4282231316.75,180.06,178.34,169.77,181.97,173.69,180.06,173.3,172.82,170.2,-170.2,169.15,165.64,179.65,175.2
148,09-Oct-2020,167.5,168.9,166.35,168.0,167.85,22373477,3746295615.95,179.19,177.68,169.03,181.04,173.11,179.19,171.2,170.73,169.55,-169.55,168.67,165.1,178.6,174.42
149,12-Oct-2020,170.5,175.2,170.0,172.45,172.2,66250654,11432272454.8,178.41,177.34,168.94,180.23,173.06,178.41,170.55,170.08,166.15,166.15,168.77,165.48,177.6,173.98
150,13-Oct-2020,172.85,174.85,169.5,169.8,170.15,35685353,6151692739.6,177.7,176.85,168.54,179.22,172.83,177.7,170.38,169.9,166.28,166.28,169.03,165.39,176.64,173.43
151,14-Oct-2020,170.55,171.0,167.05,167.7,167.8,38219096,6416173675.95,176.92,176.26,167.93,177.9,172.42,176.92,170.38,169.9,166.4,166.4,169.04,164.97,175.72,172.78
152,15-Oct-2020,167.7,167.8,164.55,164.75,165.05,27116959,4499732664.6,176.01,175.52,167.03,176.51,171.69,176.01,169.2,169.1,172.45,-172.45,168.48,164.11,174.83,172.0
153,16-Oct-2020,165.5,166.8,163.8,165.85,165.7,20227113,3342300417.25,175.15,174.9,166.37,175.07,171.19,175.15,169.2,168.73,172.29,-172.29,167.71,163.61,174.02,171.34
154,19-Oct-2020,166.8,168.9,166.15,168.85,168.25,19016841,3186448399.0,174.54,174.51,166.17,173.98,171.06,174.54,168.6,168.12,171.95,-171.95,167.31,163.76,173.3,170.94
155,20-Oct-2020,168.0,168.3,166.7,167.7,167.45,16149041,2703495541.7,173.79,174.07,165.86,172.95,170.81,173.79,168.6,168.12,171.63,-171.63,167.17,163.72,172.62,170.49
156,21-Oct-2020,168.15,168.9,166.6,167.8,167.65,16479194,2765120049.6,173.1,173.66,165.6,172.31,170.6,173.1,168.6,168.12,171.31,-171.31,167.17,163.75,172.0,170.11
157,22-Oct-2020,167.55,169.1,167.0,168.8,168.55,22044453,3707548020.05,172.58,173.35,165.52,171.78,170.51,172.58,168.6,168.12,171.01,-171.01,167.38,163.99,171.45,169.83
158,23-Oct-2020,168.95,171.0,167.75,170.85,170.75,20147370,3419809712.65,172.11,173.19,165.71,171.31,170.53,172.11,168.6,168.12,163.8,163.8,167.93,164.61,170.95,169.72
159,26-Oct-2020,171.5,171.6,168.25,168.5,168.55,16081502,2724497441.3,171.59,172.89,165.61,170.89,170.43,171.59,168.6,168.12,163.94,163.94,168.38,164.77,170.51,169.49
160,27-Oct-2020,168.5,169.3,166.75,167.05,167.2,45885935,7693611623.8,171.05,172.51,165.35,170.57,170.27,171.05,168.6,168.12,164.08,164.08,168.48,164.67,170.11,169.19
161,28-Oct-2020,168.5,168.5,165.0,165.5,165.5,16820839,2798113118.55,170.51,172.06,164.93,170.34,170.04,170.51,168.6,168.12,164.21,164.21,168.13,164.34,169.75,168.84
162,29-Oct-2020,165.0,165.95,163.45,163.85,163.85,21008755,3458495110.45,169.95,171.53,164.37,170.13,169.73,169.95,168.15,167.95,170.85,-170.85,167.34,163.78,169.43,168.41
163,30-Oct-2020,164.0,166.8,163.35,165.4,165.25,16347510,2696296324.45,169.52,171.13,164.07,169.85,169.58,169.52,167.35,167.1,170.7,-170.7,166.54,163.6,169.16,168.11
164,02-Nov-2020,166.8,167.2,164.45,166.75,166.75,14370649,2384997341.15,169.09,170.85,163.97,169.41,169.48,169.09,167.35,167.1,170.41,-170.41,166.07,163.72,168.9,167.93
165,03-Nov-2020,167.2,170.75,167.1,170.0,170.1,22602903,3831457466.15,168.91,170.79,164.31,168.99,169.48,168.91,167.35,167.1,170.13,-170.13,166.29,164.44,168.67,167.99
166,04-Nov-2020,170.05,171.8,168.2,169.75,169.8,18808819,3199565312.0,168.77,170.73,164.6,168.73,169.49,168.77,167.35,167.1,170.0,-170.0,166.93,165.05,168.48,168.05
167,05-Nov-2020,171.25,175.0,170.2,175.0,174.75,26997641,4679743220.95,168.84,171.0,165.53,168.61,169.52,168.84,169.42,169.18,163.35,163.35,168.34,166.56,168.35,168.45
168,06-Nov-2020,176.5,177.2,173.4,173.8,173.95,34252005,5983355505.8,169.05,171.18,166.23,168.58,169.59,169.05,169.42,169.18,163.58,163.58,169.97,167.69,168.3,168.77
169,09-Nov-2020,173.95,177.3,171.85,173.0,172.8,35286484,6123004546.55,169.11,171.3,166.78,168.61,169.62,169.11,169.42,169.18,163.81,163.81,171.38,168.54,168.26,169.02
170,10-Nov-2020,175.0,179.55,171.85,178.5,178.35,57459436,10071149303.45,169.27,171.76,167.97,168.82,169.73,169.27,171.18,170.92,164.04,164.04,173.05,170.3,168.28,169.63
171,11-Nov-2020,179.6,185.9,178.6,185.2,185.3,63318644,11561331164.25,169.8,172.63,169.89,169.22,170.44,169.8,174.52,174.27,164.61,164.61,175.59,173.06,168.4,170.66
172,12-Nov-2020,185.2,188.75,183.85,187.95,188.0,46367792,8659393253.25,170.33,173.62,171.98,169.9,171.25,170.33,175.9,175.65,165.85,165.85,178.79,175.97,168.61,171.83
173,13-Nov-2020,187.2,188.8,185.55,187.15,187.1,28198725,5284734092.6,170.87,174.49,173.78,170.9,172.01,170.87,175.9,175.65,167.62,167.62,181.92,178.37,168.89,172.91
174,14-Nov-2020,189.05,190.0,188.05,188.2,188.6,7767144,1467723366.9,171.5,175.38,175.53,171.95,172.99,171.5,176.02,175.77,169.24,169.24,184.65,180.65,169.26,174.03
175,17-Nov-2020,189.0,189.4,186.4,187.7,187.35,20950589,3927318208.45,172.08,176.17,177.06,173.14,173.79,172.08,176.02,175.77,171.14,171.14,186.71,182.54,169.72,175.08
176,18-Nov-2020,186.8,188.45,182.75,184.6,184.05,26595992,4916760096.55,172.59,176.72,178.06,174.2,174.24,172.59,176.8,175.77,172.85,172.85,187.72,183.6,170.27,175.89
177,19-Nov-2020,182.8,191.8,182.7,188.05,187.9,48984610,9230922912.35,173.28,177.45,179.39,175.18,175.14,173.28,177.48,176.32,174.38,174.38,188.31,185.13,170.94,176.88
178,20-Nov-2020,188.8,192.0,186.05,191.35,191.7,45307312,8611087716.45,174.06,178.34,181.0,176.05,176.32,174.06,180.55,179.22,175.76,175.76,189.06,187.04,171.73,178.05
179,23-Nov-2020,192.0,192.5,188.65,190.85,190.85,23180456,4413518633.85,174.68,179.15,182.39,176.81,177.14,174.68,180.55,179.77,177.63,177.63,189.86,188.59,172.63,179.13
180,24-Nov-2020,190.6,196.45,190.6,195.65,195.55,45411815,8838633717.5,175.54,180.22,184.24,177.58,178.79,175.54,184.32,182.92,179.28,179.28,191.13,190.77,173.66,180.48
181,25-Nov-2020,196.0,197.95,192.5,193.4,193.85,41659179,8137368126.9,176.39,181.07,185.63,178.3,180.07,176.39,184.32,183.75,181.57,181.57,192.34,192.24,174.79,181.64
182,26-Nov-2020,195.1,195.85,192.55,194.95,194.8,24222956,4701587403.1,177.4,181.96,187.06,179.0,181.82,177.4,184.32,183.75,183.54,183.54,193.45,193.76,175.99,182.83
183,27-Nov-2020,194.45,195.75,193.2,193.5,193.65,31385396,6097929431.3,178.32,182.71,188.18,179.63,183.0,178.32,187.08,183.75,185.24,185.24,194.2,194.78,177.24,183.87
184,01-Dec-2020,195.0,196.35,192.4,194.6,194.4,15893346,3093531102.45,179.18,183.47,189.31,180.21,184.1,179.18,190.12,187.12,186.7,186.7,194.72,195.83,178.54,184.92
185,02-Dec-2020,195.0,198.75,193.55,195.85,195.95,28425948,5575683931.65,180.12,184.27,190.48,180.78,185.38,180.12,190.22,189.27,187.95,187.95,195.19,196.93,179.89,186.0
186,03-Dec-2020,197.2,197.2,194.55,196.35,196.2,28009042,5485007133.9,181.07,185.05,191.59,181.53,186.59,181.07,190.48,189.52,189.21,189.21,195.67,197.93,181.25,187.05
187,04-Dec-2020,196.85,199.35,196.5,198.3,198.2,22152332,4390135539.75,182.05,185.91,192.82,182.47,187.92,182.05,191.45,190.5,190.5,190.5,196.34,199.1,182.58,188.16
188,07-Dec-2020,198.2,203.75,197.6,203.75,203.15,35693450,7195968368.1,183.15,187.06,194.6,183.64,189.9,183.15,194.18,193.22,192.06,192.06,197.69,201.07,183.89,189.56
189,08-Dec-2020,203.9,204.7,199.55,202.7,202.45,30853963,6240798772.3,184.29,188.07,196.07,184.98,191.65,184.29,194.18,193.22,194.4,194.4,199.29,202.55,185.2,190.82
190,09-Dec-2020,205.0,207.8,204.65,205.4,205.4,39684395,8183226956.85,185.57,189.18,197.72,186.08,193.87,185.57,196.73,194.05,196.27,196.27,201.08,204.27,186.5,192.18
191,10-Dec-2020,206.65,213.65,203.15,213.15,212.7,65227495,13618257111.2,187.16,190.73,200.16,186.75,197.74,187.16,202.0,199.6,198.09,198.09,203.68,207.13,187.84,193.96
192,11-Dec-2020,214.45,217.95,213.35,216.0,216.3,60322445,13028507132.3,188.9,192.36,202.7,187.15,201.92,188.9,203.42,202.32,201.1,201.1,206.93,210.09,189.21,195.82
193,14-Dec-2020,217.95,218.6,215.0,215.55,215.9,26990063,5846025796.05,190.57,193.86,204.93,187.4,204.9,190.57,204.7,203.3,203.15,203.15,210.14,212.52,190.58,197.54
194,15-Dec-2020,215.25,216.4,211.6,213.55,213.55,23255609,4963082637.4,192.13,195.13,206.68,187.41,206.56,192.13,204.7,204.2,205.72,205.72,212.59,214.22,191.93,199.02
195,16-Dec-2020,213.75,215.55,213.5,214.6,214.0,19551630,4191334801.2,193.61,196.38,208.36,187.49,208.05,193.61,204.75,204.2,207.78,207.78,214.31,215.82,193.27,200.47
196,17-Dec-2020,214.2,215.1,211.25,212.85,213.05,22386185,4765696375.55,195.05,197.45,209.65,187.98,208.86,195.05,204.75,204.2,209.42,209.42,215.19,216.83,194.58,201.71
197,18-Dec-2020,213.1,215.95,209.75,214.75,214.5,23775053,5046927933.15,196.38,198.56,211.02,188.79,209.8,196.38,205.3,204.2,216.0,-216.0,215.64,217.98,195.87,202.99
198,21-Dec-2020,214.5,214.7,199.15,202.0,202.95,41834797,8689854710.35,197.32,198.78,210.65,189.96,209.24,197.32,205.92,204.78,215.88,-215.88,214.36,216.6,197.12,203.35
199,22-Dec-2020,203.1,206.25,196.9,204.2,203.4,40986353,8247088507.5,198.36,199.13,210.56,191.77,208.82,198.36,206.18,205.28,215.21,-215.21,212.17,215.72,198.32,203.79
200,23-Dec-2020,203.0,208.25,202.0,207.6,207.75,23695667,4861433487.95,199.33,199.68,210.88,193.68,208.73,199.33,207.15,206.25,214.11,-214.11,210.19,215.49,199.49,204.39
201,24-Dec-2020,210.0,210.65,205.6,208.25,208.6,22768284,4740014821.05,200.09,200.23,211.23,195.88,208.7,200.09,209.0,206.45,213.08,-213.08,208.83,215.35,200.63,204.96
202,28-Dec-2020,209.0,210.2,207.85,209.6,209.5,15741000,3292793547.2,200.82,200.84,211.69,197.95,208.75,200.82,209.0,206.45,212.1,-212.1,208.2,215.41,201.77,205.58
203,29-Dec-2020,210.5,213.5,210.1,211.65,211.55,26546469,5620085127.6,201.63,201.53,212.34,199.83,208.94,201.63,209.0,206.45,196.9,196.9,208.35,215.78,202.9,206.28
204,30-Dec-2020,212.7,213.5,209.55,211.0,211.15,18925262,3997317224.35,202.39,202.15,212.82,201.45,209.07,202.39,209.0,206.45,197.2,197.2,208.87,215.92,203.99,206.88
205,31-Dec-2020,210.55,211.3,208.55,209.1,209.0,18245270,3825391530.55,203.11,202.59,213.0,202.91,209.07,203.11,209.0,206.45,197.48,197.48,209.26,215.65,205.05,207.31
206,01-Jan-2021,209.9,214.2,209.3,213.9,213.85,19527333,4141864682.9,204.08,203.32,213.74,204.44,209.47,204.08,208.78,206.23,197.77,197.77,210.01,216.23,206.03,208.01
207,04-Jan-2021,214.0,216.0,212.1,213.9,213.4,26891799,5761671016.1,204.94,204.01,214.39,205.87,209.8,204.94,208.38,205.82,198.41,198.41,210.99,216.69,206.88,208.64
208,05-Jan-2021,212.45,213.25,210.6,211.75,211.45,18024083,3812279051.1,205.62,204.51,214.69,207.25,209.9,205.62,208.38,205.82,199.03,199.03,211.72,216.65,207.6,209.08
209,06-Jan-2021,211.45,211.5,204.5,205.3,205.4,49067837,10162278633.65,206.11,204.56,214.13,208.44,209.76,206.11,208.38,205.82,199.63,199.63,211.39,215.39,208.18,209.06
210,07-Jan-2021,206.1,207.6,202.1,203.25,202.8,34952401,7127409107.0,206.36,204.47,213.35,209.3,209.66,206.36,208.38,205.82,200.2,200.2,210.06,213.88,208.63,208.88
211,08-Jan-2021,204.35,206.0,200.25,202.1,201.5,56427360,11439843997.5,206.65,204.32,212.48,209.84,209.53,206.65,207.95,205.4,213.9,-213.9,208.14,212.31,208.95,208.6
212,11-Jan-2021,204.0,206.1,201.25,202.65,202.5,42970983,8729643633.05,206.91,204.21,211.74,209.89,209.42,206.91,208.0,205.4,213.63,-213.63,206.22,211.0,209.14,208.35
213,12-Jan-2021,203.0,206.9,201.6,206.5,206.45,35617404,7280038737.7,207.34,204.36,211.54,209.52,209.34,207.34,208.0,207.08,213.36,-213.36,205.06,210.52,209.26,208.32
214,13-Jan-2021,207.45,213.0,205.25,211.2,211.25,63925996,13433736685.45,207.89,204.8,211.93,209.04,209.41,207.89,208.0,207.08,213.1,-213.1,205.16,210.93,209.38,208.57
215,14-Jan-2021,212.0,216.5,211.6,214.1,214.15,48304263,10353108933.6,208.5,205.4,212.64,208.73,209.59,208.5,208.1,207.18,200.25,200.25,206.46,211.79,209.48,208.97
216,15-Jan-2021,214.9,218.5,211.2,217.9,217.85,58321158,12586267200.95,209.22,206.21,213.73,208.66,209.97,209.22,210.0,209.08,200.53,200.53,208.78,213.21,209.58,209.58
217,18-Jan-2021,218.4,222.0,214.6,218.05,219.75,67607822,14801462308.45,209.88,206.97,214.72,209.14,210.31,209.88,210.08,209.15,201.22,201.22,211.44,214.45,209.66,210.15
218,19-Jan-2021,221.0,221.7,217.5,218.95,218.85,31785089,6973555286.95,210.38,207.74,215.72,209.77,210.59,210.38,210.52,209.6,202.23,202.23,214.03,215.67,209.73,210.73
219,20-Jan-2021,218.5,219.0,215.7,217.2,217.65,44672447,9711214712.75,210.87,208.35,216.39,210.4,210.79,210.87,210.52,209.6,203.57,203.57,216.0,216.39,209.79,211.17
220,21-Jan-2021,219.0,219.5,212.2,215.15,213.7,28999164,6274901671.35,211.19,208.79,216.72,210.91,210.87,211.19,210.52,209.6,204.8,204.8,217.05,216.62,209.83,211.45
221,22-Jan-2021,214.0,214.75,209.15,211.2,210.7,24712182,5226356343.45,211.13,208.95,216.51,211.16,210.87,211.13,210.52,209.6,205.93,205.93,216.91,216.07,209.86,211.45
222,25-Jan-2021,212.0,212.5,206.85,208.15,207.8,24967899,5219403902.9,210.87,208.9,215.92,211.25,210.83,210.87,210.52,209.6,218.95,-218.95,215.66,215.01,209.85,211.26
223,27-Jan-2021,208.0,212.65,207.1,210.75,210.65,48471357,10212257634.8,210.71,209.02,215.7,211.12,210.83,210.71,210.52,209.6,218.71,-218.71,214.17,214.53,209.85,211.25
224,28-Jan-2021,209.25,211.0,205.75,206.85,206.6,22131983,4608395814.05,210.48,208.88,214.99,210.88,210.78,210.48,210.52,209.6,218.47,-218.47,212.4,213.38,209.87,211.0
225,29-Jan-2021,208.55,208.8,202.35,203.25,203.25,23764654,4875283664.6,210.1,208.51,213.9,210.85,210.61,210.1,210.8,210.1,217.96,-217.96,210.21,211.7,209.93,210.53
226,01-Feb-2021,204.0,217.95,201.8,216.55,215.95,57744414,12196982212.75,210.23,209.03,214.55,211.24,210.66,210.23,211.1,210.27,217.03,-217.03,209.52,212.63,210.09,210.95
227,02-Feb-2021,220.0,223.5,217.0,218.45,218.2,48457781,10649036226.35,210.35,209.64,215.37,211.99,210.72,210.35,211.1,210.38,201.8,201.8,210.39,213.77,210.37,211.48
228,03-Feb-2021,221.5,222.0,215.7,216.55,216.75,53643263,11682198818.4,210.84,210.09,215.87,212.81,210.89,210.84,211.1,210.38,201.8,201.8,211.9,214.41,210.74,211.88
229,04-Feb-2021,216.1,231.4,216.0,230.05,229.95,105818897,23873768831.5,211.7,211.37,217.99,213.82,211.89,211.7,216.65,215.92,202.13,202.13,215.04,217.4,211.16,213.12
230,05-Feb-2021,232.15,238.85,227.25,233.75,234.35,125490301,29336354117.15,212.57,212.82,220.35,214.91,213.04,212.57,218.5,217.78,203.25,203.25,219.44,220.67,211.64,214.54
231,08-Feb-2021,237.5,238.05,231.5,233.45,233.1,41495834,9720439291.5,213.41,214.15,222.44,216.02,214.07,213.41,218.5,217.78,205.08,205.08,224.04,223.45,212.16,215.89
232,09-Feb-2021,234.6,239.2,228.2,228.8,229.0,70655961,16450399463.85,214.05,215.09,223.74,217.0,214.56,214.05,218.5,217.78,206.8,206.8,227.52,225.01,212.68,216.88
233,10-Feb-2021,229.0,231.1,223.1,228.2,227.55,47283127,10749558710.7,214.6,215.94,224.82,217.86,214.94,214.6,218.5,217.78,208.42,208.42,229.63,226.22,213.21,217.79
234,11-Feb-2021,229.0,229.3,224.5,226.6,226.45,43631374,9886067688.2,215.12,216.63,225.58,218.67,215.24,215.12,218.5,217.78,209.94,209.94,230.44,226.96,213.74,218.57
235,12-Feb-2021,225.75,225.75,215.8,217.6,217.45,110568108,24184438376.35,215.4,216.69,225.12,219.69,215.27,215.4,218.5,217.78,211.37,211.37,229.33,225.93,214.26,218.73
236,15-Feb-2021,218.45,221.0,217.5,218.75,218.6,31776555,6960357813.95,215.57,216.82,224.83,220.59,215.3,215.57,218.5,217.78,212.71,212.71,227.19,225.19,214.78,218.94
237,16-Feb-2021,219.05,221.8,217.25,218.4,218.25,29148891,6389077050.95,215.72,216.92,224.51,221.48,215.33,215.72,218.5,217.78,213.97,213.97,224.74,224.46,215.36,219.13
238,17-Feb-2021,217.6,218.4,216.55,217.95,217.75,19850516,4315383329.6,215.92,216.99,224.15,222.46,215.36,215.92,218.5,217.78,215.16,215.16,222.45,223.7,215.99,219.27
239,18-Feb-2021,218.2,220.6,217.9,219.1,218.85,24070563,5275597175.95,216.38,217.13,223.95,222.92,215.44,216.38,225.15,217.78,216.27,216.27,220.7,223.22,216.68,219.48
240,19-Feb-2021,218.85,218.9,214.0,216.5,215.95,28125203,6100479018.5,216.82,217.09,223.43,223.14,215.47,216.82,225.12,223.88,233.75,-233.75,219.23,222.3,217.42,219.48
241,22-Feb-2021,212.0,212.0,206.0,206.95,207.05,51546288,10718107964.25,216.99,216.43,221.76,222.86,215.39,216.99,220.35,219.88,233.36,-233.36,216.9,219.74,218.11,218.85
242,23-Feb-2021,208.0,210.55,207.0,208.7,208.5,26675953,5572221289.05,217.19,215.93,220.45,222.35,215.33,217.19,220.35,219.88,232.26,-232.26,214.32,217.8,218.71,218.31
243,24-Feb-2021,209.1,209.8,206.5,208.65,208.85,13160617,2745487405.5,217.26,215.46,219.25,221.67,215.29,217.26,220.35,219.88,231.21,-231.21,211.97,216.09,219.2,217.76
244,25-Feb-2021,209.5,211.2,208.8,209.2,209.15,25954142,5450207882.15,217.19,215.06,218.22,220.66,215.25,217.19,220.2,219.72,230.2,-230.2,210.16,214.69,219.57,217.24
245,26-Feb-2021,207.25,208.0,203.0,203.65,203.85,43429293,8921826329.3,216.84,214.32,216.59,219.21,215.06,216.84,216.23,215.9,229.23,-229.23,208.31,212.45,219.74,216.37
246,01-Mar-2021,205.45,207.75,204.05,207.0,206.9,16225536,3343330147.7,216.48,213.85,215.53,217.54,214.92,216.48,215.92,215.6,227.66,-227.66,206.92,211.11,219.71,215.73
247,02-Mar-2021,207.0,210.8,206.5,210.0,209.9,25604169,5364909293.65,216.21,213.6,214.94,216.32,214.86,216.21,215.12,214.8,226.18,-226.18,206.41,210.48,219.54,215.32
248,03-Mar-2021,212.0,212.0,208.8,209.95,209.95,20846117,4382226055.3,215.91,213.37,214.4,215.53,214.79,215.91,211.38,211.05,224.79,-224.79,206.57,209.94,219.24,214.91
249,04-Mar-2021,208.8,211.3,207.6,209.8,209.7,24899212,5222335980.75,215.67,213.14,213.89,215.07,214.73,215.67,211.38,211.05,223.48,-223.48,207.09,209.45,218.84,214.52
